mag_sample_alias	sample_accession	biosample_accession	status	holdUntilDate
DOGMAG_ANI95_MAG001	ERS31049448	SAMEA123300624	PRIVATE	2028-06-26+01:00
DOGMAG_ANI95_MAG002	ERS31049449	SAMEA123300625	PRIVATE	2028-06-26+01:00
DOGMAG_ANI95_MAG003	ERS31049450	SAMEA123300626	PRIVATE	2028-06-26+01:00
DOGMAG_ANI95_MAG004	ERS31049451	SAMEA123300627	PRIVATE	2028-06-26+01:00
DOGMAG_ANI95_MAG005	ERS31049452	SAMEA123300628	PRIVATE	2028-06-26+01:00
DOGMAG_ANI95_MAG006	ERS31049453	SAMEA123300629	PRIVATE	2028-06-26+01:00
DOGMAG_ANI95_MAG007	ERS31049454	SAMEA123300630	PRIVATE	2028-06-26+01:00
DOGMAG_ANI95_MAG008	ERS31049455	SAMEA123300631	PRIVATE	2028-06-26+01:00
DOGMAG_ANI95_MAG009	ERS31049456	SAMEA123300632	PRIVATE	2028-06-26+01:00
DOGMAG_ANI95_MAG010	ERS31049457	SAMEA123300633	PRIVATE	2028-06-26+01:00
DOGMAG_ANI95_MAG011	ERS31049458	SAMEA123300634	PRIVATE	2028-06-26+01:00
DOGMAG_ANI95_MAG012	ERS31049459	SAMEA123300635	PRIVATE	2028-06-26+01:00
DOGMAG_ANI95_MAG013	ERS31049460	SAMEA123300636	PRIVATE	2028-06-26+01:00
DOGMAG_ANI95_MAG014	ERS31049461	SAMEA123300637	PRIVATE	2028-06-26+01:00
DOGMAG_ANI95_MAG015	ERS31049462	SAMEA123300638	PRIVATE	2028-06-26+01:00
DOGMAG_ANI95_MAG016	ERS31049463	SAMEA123300639	PRIVATE	2028-06-26+01:00
DOGMAG_ANI95_MAG017	ERS31049464	SAMEA123300640	PRIVATE	2028-06-26+01:00
DOGMAG_ANI95_MAG018	ERS31049465	SAMEA123300641	PRIVATE	2028-06-26+01:00
DOGMAG_ANI95_MAG019	ERS31049466	SAMEA123300642	PRIVATE	2028-06-26+01:00
DOGMAG_ANI95_MAG020	ERS31049467	SAMEA123300643	PRIVATE	2028-06-26+01:00
DOGMAG_ANI95_MAG021	ERS31049468	SAMEA123300644	PRIVATE	2028-06-26+01:00
DOGMAG_ANI95_MAG022	ERS31049469	SAMEA123300645	PRIVATE	2028-06-26+01:00
DOGMAG_ANI95_MAG023	ERS31049470	SAMEA123300646	PRIVATE	2028-06-26+01:00
DOGMAG_ANI95_MAG024	ERS31049471	SAMEA123300647	PRIVATE	2028-06-26+01:00
DOGMAG_ANI95_MAG025	ERS31049472	SAMEA123300648	PRIVATE	2028-06-26+01:00
DOGMAG_ANI95_MAG026	ERS31049473	SAMEA123300649	PRIVATE	2028-06-26+01:00
DOGMAG_ANI95_MAG027	ERS31049474	SAMEA123300650	PRIVATE	2028-06-26+01:00
DOGMAG_ANI95_MAG028	ERS31049475	SAMEA123300651	PRIVATE	2028-06-26+01:00
DOGMAG_ANI95_MAG029	ERS31049476	SAMEA123300652	PRIVATE	2028-06-26+01:00
DOGMAG_ANI95_MAG030	ERS31049477	SAMEA123300653	PRIVATE	2028-06-26+01:00
DOGMAG_ANI95_MAG031	ERS31049478	SAMEA123300654	PRIVATE	2028-06-26+01:00
DOGMAG_ANI95_MAG032	ERS31049479	SAMEA123300655	PRIVATE	2028-06-26+01:00
DOGMAG_ANI95_MAG033	ERS31049480	SAMEA123300656	PRIVATE	2028-06-26+01:00
DOGMAG_ANI95_MAG034	ERS31049481	SAMEA123300657	PRIVATE	2028-06-26+01:00
DOGMAG_ANI95_MAG035	ERS31049482	SAMEA123300658	PRIVATE	2028-06-26+01:00
DOGMAG_ANI95_MAG036	ERS31049483	SAMEA123300659	PRIVATE	2028-06-26+01:00
DOGMAG_ANI95_MAG037	ERS31049484	SAMEA123300660	PRIVATE	2028-06-26+01:00
DOGMAG_ANI95_MAG038	ERS31049485	SAMEA123300661	PRIVATE	2028-06-26+01:00
DOGMAG_ANI95_MAG039	ERS31049486	SAMEA123300662	PRIVATE	2028-06-26+01:00
DOGMAG_ANI95_MAG040	ERS31049487	SAMEA123300663	PRIVATE	2028-06-26+01:00
DOGMAG_ANI95_MAG041	ERS31049488	SAMEA123300664	PRIVATE	2028-06-26+01:00
DOGMAG_ANI95_MAG042	ERS31049489	SAMEA123300665	PRIVATE	2028-06-26+01:00
DOGMAG_ANI95_MAG043	ERS31049490	SAMEA123300666	PRIVATE	2028-06-26+01:00
DOGMAG_ANI95_MAG044	ERS31049491	SAMEA123300667	PRIVATE	2028-06-26+01:00
DOGMAG_ANI95_MAG045	ERS31049492	SAMEA123300668	PRIVATE	2028-06-26+01:00
DOGMAG_ANI95_MAG046	ERS31049493	SAMEA123300669	PRIVATE	2028-06-26+01:00
DOGMAG_ANI95_MAG047	ERS31049494	SAMEA123300670	PRIVATE	2028-06-26+01:00
DOGMAG_ANI95_MAG048	ERS31049495	SAMEA123300671	PRIVATE	2028-06-26+01:00
DOGMAG_ANI95_MAG049	ERS31049496	SAMEA123300672	PRIVATE	2028-06-26+01:00
DOGMAG_ANI95_MAG050	ERS31049497	SAMEA123300673	PRIVATE	2028-06-26+01:00
DOGMAG_ANI95_MAG051	ERS31049498	SAMEA123300674	PRIVATE	2028-06-26+01:00
DOGMAG_ANI95_MAG052	ERS31049499	SAMEA123300675	PRIVATE	2028-06-26+01:00
DOGMAG_ANI95_MAG053	ERS31049500	SAMEA123300676	PRIVATE	2028-06-26+01:00
DOGMAG_ANI95_MAG054	ERS31049501	SAMEA123300677	PRIVATE	2028-06-26+01:00
DOGMAG_ANI95_MAG055	ERS31049502	SAMEA123300678	PRIVATE	2028-06-26+01:00
DOGMAG_ANI95_MAG056	ERS31049503	SAMEA123300679	PRIVATE	2028-06-26+01:00
DOGMAG_ANI95_MAG057	ERS31049504	SAMEA123300680	PRIVATE	2028-06-26+01:00
DOGMAG_ANI95_MAG058	ERS31049505	SAMEA123300681	PRIVATE	2028-06-26+01:00
DOGMAG_ANI95_MAG059	ERS31049506	SAMEA123300682	PRIVATE	2028-06-26+01:00
DOGMAG_ANI95_MAG060	ERS31049507	SAMEA123300683	PRIVATE	2028-06-26+01:00
DOGMAG_ANI95_MAG061	ERS31049508	SAMEA123300684	PRIVATE	2028-06-26+01:00
DOGMAG_ANI95_MAG062	ERS31049509	SAMEA123300685	PRIVATE	2028-06-26+01:00
DOGMAG_ANI95_MAG063	ERS31049510	SAMEA123300686	PRIVATE	2028-06-26+01:00
DOGMAG_ANI95_MAG064	ERS31049511	SAMEA123300687	PRIVATE	2028-06-26+01:00
DOGMAG_ANI95_MAG065	ERS31049512	SAMEA123300688	PRIVATE	2028-06-26+01:00
DOGMAG_ANI95_MAG066	ERS31049513	SAMEA123300689	PRIVATE	2028-06-26+01:00
DOGMAG_ANI95_MAG067	ERS31049514	SAMEA123300690	PRIVATE	2028-06-26+01:00
DOGMAG_ANI95_MAG068	ERS31049515	SAMEA123300691	PRIVATE	2028-06-26+01:00
DOGMAG_ANI95_MAG069	ERS31049516	SAMEA123300692	PRIVATE	2028-06-26+01:00
DOGMAG_ANI95_MAG070	ERS31049517	SAMEA123300693	PRIVATE	2028-06-26+01:00
DOGMAG_ANI95_MAG071	ERS31049518	SAMEA123300694	PRIVATE	2028-06-26+01:00
DOGMAG_ANI95_MAG072	ERS31049519	SAMEA123300695	PRIVATE	2028-06-26+01:00
DOGMAG_ANI95_MAG073	ERS31049520	SAMEA123300696	PRIVATE	2028-06-26+01:00
DOGMAG_ANI95_MAG074	ERS31049521	SAMEA123300697	PRIVATE	2028-06-26+01:00
DOGMAG_ANI95_MAG075	ERS31049522	SAMEA123300698	PRIVATE	2028-06-26+01:00
DOGMAG_ANI95_MAG076	ERS31049523	SAMEA123300699	PRIVATE	2028-06-26+01:00
DOGMAG_ANI95_MAG077	ERS31049524	SAMEA123300700	PRIVATE	2028-06-26+01:00
DOGMAG_ANI95_MAG078	ERS31049525	SAMEA123300701	PRIVATE	2028-06-26+01:00
DOGMAG_ANI95_MAG079	ERS31049526	SAMEA123300702	PRIVATE	2028-06-26+01:00
DOGMAG_ANI95_MAG080	ERS31049527	SAMEA123300703	PRIVATE	2028-06-26+01:00
DOGMAG_ANI95_MAG081	ERS31049528	SAMEA123300704	PRIVATE	2028-06-26+01:00
DOGMAG_ANI95_MAG082	ERS31049529	SAMEA123300705	PRIVATE	2028-06-26+01:00
DOGMAG_ANI95_MAG083	ERS31049530	SAMEA123300706	PRIVATE	2028-06-26+01:00
DOGMAG_ANI95_MAG084	ERS31049531	SAMEA123300707	PRIVATE	2028-06-26+01:00
DOGMAG_ANI95_MAG085	ERS31049532	SAMEA123300708	PRIVATE	2028-06-26+01:00
DOGMAG_ANI95_MAG086	ERS31049533	SAMEA123300709	PRIVATE	2028-06-26+01:00
DOGMAG_ANI95_MAG087	ERS31049534	SAMEA123300710	PRIVATE	2028-06-26+01:00
DOGMAG_ANI95_MAG088	ERS31049535	SAMEA123300711	PRIVATE	2028-06-26+01:00
DOGMAG_ANI95_MAG089	ERS31049536	SAMEA123300712	PRIVATE	2028-06-26+01:00
DOGMAG_ANI95_MAG090	ERS31049537	SAMEA123300713	PRIVATE	2028-06-26+01:00
DOGMAG_ANI95_MAG091	ERS31049538	SAMEA123300714	PRIVATE	2028-06-26+01:00
DOGMAG_ANI95_MAG092	ERS31049539	SAMEA123300715	PRIVATE	2028-06-26+01:00
DOGMAG_ANI95_MAG093	ERS31049540	SAMEA123300716	PRIVATE	2028-06-26+01:00
DOGMAG_ANI95_MAG094	ERS31049541	SAMEA123300717	PRIVATE	2028-06-26+01:00
DOGMAG_ANI95_MAG095	ERS31049542	SAMEA123300718	PRIVATE	2028-06-26+01:00
DOGMAG_ANI95_MAG096	ERS31049543	SAMEA123300719	PRIVATE	2028-06-26+01:00
DOGMAG_ANI95_MAG097	ERS31049544	SAMEA123300720	PRIVATE	2028-06-26+01:00
DOGMAG_ANI95_MAG098	ERS31049545	SAMEA123300721	PRIVATE	2028-06-26+01:00
DOGMAG_ANI95_MAG099	ERS31049546	SAMEA123300722	PRIVATE	2028-06-26+01:00
DOGMAG_ANI95_MAG100	ERS31049547	SAMEA123300723	PRIVATE	2028-06-26+01:00
DOGMAG_ANI95_MAG101	ERS31049548	SAMEA123300724	PRIVATE	2028-06-26+01:00
DOGMAG_ANI95_MAG102	ERS31049549	SAMEA123300725	PRIVATE	2028-06-26+01:00
DOGMAG_ANI95_MAG103	ERS31049550	SAMEA123300726	PRIVATE	2028-06-26+01:00
DOGMAG_ANI95_MAG104	ERS31049551	SAMEA123300727	PRIVATE	2028-06-26+01:00
DOGMAG_ANI95_MAG105	ERS31049552	SAMEA123300728	PRIVATE	2028-06-26+01:00
DOGMAG_ANI95_MAG106	ERS31049553	SAMEA123300729	PRIVATE	2028-06-26+01:00
DOGMAG_ANI95_MAG107	ERS31049554	SAMEA123300730	PRIVATE	2028-06-26+01:00
DOGMAG_ANI95_MAG108	ERS31049555	SAMEA123300731	PRIVATE	2028-06-26+01:00
DOGMAG_ANI95_MAG109	ERS31049556	SAMEA123300732	PRIVATE	2028-06-26+01:00
DOGMAG_ANI95_MAG110	ERS31049557	SAMEA123300733	PRIVATE	2028-06-26+01:00
DOGMAG_ANI95_MAG111	ERS31049558	SAMEA123300734	PRIVATE	2028-06-26+01:00
DOGMAG_ANI95_MAG112	ERS31049559	SAMEA123300735	PRIVATE	2028-06-26+01:00
DOGMAG_ANI95_MAG113	ERS31049560	SAMEA123300736	PRIVATE	2028-06-26+01:00
DOGMAG_ANI95_MAG114	ERS31049561	SAMEA123300737	PRIVATE	2028-06-26+01:00
DOGMAG_ANI95_MAG115	ERS31049562	SAMEA123300738	PRIVATE	2028-06-26+01:00
DOGMAG_ANI95_MAG116	ERS31049563	SAMEA123300739	PRIVATE	2028-06-26+01:00
DOGMAG_ANI95_MAG117	ERS31049564	SAMEA123300740	PRIVATE	2028-06-26+01:00
DOGMAG_ANI95_MAG118	ERS31049565	SAMEA123300741	PRIVATE	2028-06-26+01:00
DOGMAG_ANI95_MAG119	ERS31049566	SAMEA123300742	PRIVATE	2028-06-26+01:00
DOGMAG_ANI95_MAG120	ERS31049567	SAMEA123300743	PRIVATE	2028-06-26+01:00
DOGMAG_ANI95_MAG121	ERS31049568	SAMEA123300744	PRIVATE	2028-06-26+01:00
DOGMAG_ANI95_MAG122	ERS31049569	SAMEA123300745	PRIVATE	2028-06-26+01:00
DOGMAG_ANI95_MAG123	ERS31049570	SAMEA123300746	PRIVATE	2028-06-26+01:00
DOGMAG_ANI95_MAG124	ERS31049571	SAMEA123300747	PRIVATE	2028-06-26+01:00
DOGMAG_ANI95_MAG125	ERS31049572	SAMEA123300748	PRIVATE	2028-06-26+01:00
DOGMAG_ANI95_MAG126	ERS31049573	SAMEA123300749	PRIVATE	2028-06-26+01:00
DOGMAG_ANI95_MAG127	ERS31049574	SAMEA123300750	PRIVATE	2028-06-26+01:00
DOGMAG_ANI95_MAG128	ERS31049575	SAMEA123300751	PRIVATE	2028-06-26+01:00
DOGMAG_ANI95_MAG129	ERS31049576	SAMEA123300752	PRIVATE	2028-06-26+01:00
DOGMAG_ANI95_MAG130	ERS31049577	SAMEA123300753	PRIVATE	2028-06-26+01:00
DOGMAG_ANI95_MAG131	ERS31049578	SAMEA123300754	PRIVATE	2028-06-26+01:00
DOGMAG_ANI95_MAG132	ERS31049579	SAMEA123300755	PRIVATE	2028-06-26+01:00
DOGMAG_ANI95_MAG133	ERS31049580	SAMEA123300756	PRIVATE	2028-06-26+01:00
DOGMAG_ANI95_MAG134	ERS31049581	SAMEA123300757	PRIVATE	2028-06-26+01:00
DOGMAG_ANI95_MAG135	ERS31049582	SAMEA123300758	PRIVATE	2028-06-26+01:00
