mag_alias	assembly_analysis_accession
DOGMAG_ANI95_MAG001	ERZ29813345
DOGMAG_ANI95_MAG002	ERZ29813346
DOGMAG_ANI95_MAG003	ERZ29813347
DOGMAG_ANI95_MAG004	ERZ29813348
DOGMAG_ANI95_MAG005	ERZ29813349
DOGMAG_ANI95_MAG006	ERZ29813350
DOGMAG_ANI95_MAG007	ERZ29813351
DOGMAG_ANI95_MAG008	ERZ29813352
DOGMAG_ANI95_MAG009	ERZ29813353
DOGMAG_ANI95_MAG010	ERZ29813354
DOGMAG_ANI95_MAG011	ERZ29813355
DOGMAG_ANI95_MAG012	ERZ29813356
DOGMAG_ANI95_MAG013	ERZ29813357
DOGMAG_ANI95_MAG014	ERZ29813358
DOGMAG_ANI95_MAG015	ERZ29813359
DOGMAG_ANI95_MAG016	ERZ29813360
DOGMAG_ANI95_MAG017	ERZ29813361
DOGMAG_ANI95_MAG018	ERZ29813362
DOGMAG_ANI95_MAG019	ERZ29813363
DOGMAG_ANI95_MAG020	ERZ29813364
DOGMAG_ANI95_MAG021	ERZ29813365
DOGMAG_ANI95_MAG022	ERZ29813366
DOGMAG_ANI95_MAG023	ERZ29813367
DOGMAG_ANI95_MAG024	ERZ29813368
DOGMAG_ANI95_MAG025	ERZ29813369
DOGMAG_ANI95_MAG026	ERZ29813370
DOGMAG_ANI95_MAG028	ERZ29813371
DOGMAG_ANI95_MAG029	ERZ29813372
DOGMAG_ANI95_MAG031	ERZ29813373
DOGMAG_ANI95_MAG034	ERZ29813374
DOGMAG_ANI95_MAG035	ERZ29813375
DOGMAG_ANI95_MAG036	ERZ29813376
DOGMAG_ANI95_MAG037	ERZ29813377
DOGMAG_ANI95_MAG038	ERZ29813467
DOGMAG_ANI95_MAG039	ERZ29813471
DOGMAG_ANI95_MAG040	ERZ29813472
DOGMAG_ANI95_MAG041	ERZ29813473
DOGMAG_ANI95_MAG042	ERZ29813474
DOGMAG_ANI95_MAG043	ERZ29813475
DOGMAG_ANI95_MAG045	ERZ29813476
DOGMAG_ANI95_MAG046	ERZ29813477
DOGMAG_ANI95_MAG047	ERZ29813478
DOGMAG_ANI95_MAG048	ERZ29813479
DOGMAG_ANI95_MAG052	ERZ29813480
DOGMAG_ANI95_MAG053	ERZ29813481
DOGMAG_ANI95_MAG054	ERZ29813482
DOGMAG_ANI95_MAG055	ERZ29813483
DOGMAG_ANI95_MAG056	ERZ29813484
DOGMAG_ANI95_MAG057	ERZ29813485
DOGMAG_ANI95_MAG058	ERZ29813486
DOGMAG_ANI95_MAG059	ERZ29813487
DOGMAG_ANI95_MAG060	ERZ29813488
DOGMAG_ANI95_MAG061	ERZ29813489
DOGMAG_ANI95_MAG062	ERZ29813490
DOGMAG_ANI95_MAG063	ERZ29813491
DOGMAG_ANI95_MAG064	ERZ29813492
DOGMAG_ANI95_MAG065	ERZ29813493
DOGMAG_ANI95_MAG067	ERZ29813494
DOGMAG_ANI95_MAG068	ERZ29813495
DOGMAG_ANI95_MAG069	ERZ29813496
DOGMAG_ANI95_MAG070	ERZ29813497
DOGMAG_ANI95_MAG071	ERZ29813498
DOGMAG_ANI95_MAG072	ERZ29813499
DOGMAG_ANI95_MAG073	ERZ29813500
DOGMAG_ANI95_MAG074	ERZ29813501
DOGMAG_ANI95_MAG075	ERZ29813502
DOGMAG_ANI95_MAG076	ERZ29813503
DOGMAG_ANI95_MAG077	ERZ29813504
DOGMAG_ANI95_MAG078	ERZ29813505
DOGMAG_ANI95_MAG079	ERZ29813506
DOGMAG_ANI95_MAG080	ERZ29813507
DOGMAG_ANI95_MAG081	ERZ29813508
DOGMAG_ANI95_MAG082	ERZ29813509
DOGMAG_ANI95_MAG083	ERZ29813510
DOGMAG_ANI95_MAG084	ERZ29813511
DOGMAG_ANI95_MAG085	ERZ29813512
DOGMAG_ANI95_MAG087	ERZ29813513
DOGMAG_ANI95_MAG088	ERZ29813514
DOGMAG_ANI95_MAG089	ERZ29813515
DOGMAG_ANI95_MAG091	ERZ29813516
DOGMAG_ANI95_MAG092	ERZ29813517
DOGMAG_ANI95_MAG093	ERZ29813518
DOGMAG_ANI95_MAG094	ERZ29813519
DOGMAG_ANI95_MAG095	ERZ29813520
DOGMAG_ANI95_MAG096	ERZ29813521
DOGMAG_ANI95_MAG097	ERZ29813522
DOGMAG_ANI95_MAG098	ERZ29813523
DOGMAG_ANI95_MAG099	ERZ29813524
DOGMAG_ANI95_MAG100	ERZ29813525
DOGMAG_ANI95_MAG101	ERZ29813526
DOGMAG_ANI95_MAG102	ERZ29813527
DOGMAG_ANI95_MAG103	ERZ29813528
DOGMAG_ANI95_MAG104	ERZ29813529
DOGMAG_ANI95_MAG105	ERZ29813530
DOGMAG_ANI95_MAG107	ERZ29813531
DOGMAG_ANI95_MAG108	ERZ29813532
DOGMAG_ANI95_MAG109	ERZ29813533
DOGMAG_ANI95_MAG110	ERZ29813535
DOGMAG_ANI95_MAG111	ERZ29813536
DOGMAG_ANI95_MAG112	ERZ29813537
DOGMAG_ANI95_MAG113	ERZ29813538
DOGMAG_ANI95_MAG115	ERZ29813539
DOGMAG_ANI95_MAG116	ERZ29813540
DOGMAG_ANI95_MAG117	ERZ29813541
DOGMAG_ANI95_MAG118	ERZ29813543
DOGMAG_ANI95_MAG119	ERZ29813544
DOGMAG_ANI95_MAG120	ERZ29813545
DOGMAG_ANI95_MAG121	ERZ29813546
DOGMAG_ANI95_MAG122	ERZ29813547
DOGMAG_ANI95_MAG123	ERZ29813548
DOGMAG_ANI95_MAG124	ERZ29813549
DOGMAG_ANI95_MAG125	ERZ29813550
DOGMAG_ANI95_MAG126	ERZ29813551
DOGMAG_ANI95_MAG127	ERZ29813552
DOGMAG_ANI95_MAG128	ERZ29813554
DOGMAG_ANI95_MAG129	ERZ29813555
DOGMAG_ANI95_MAG130	ERZ29813556
DOGMAG_ANI95_MAG131	ERZ29813557
DOGMAG_ANI95_MAG132	ERZ29813558
DOGMAG_ANI95_MAG133	ERZ29813559
DOGMAG_ANI95_MAG134	ERZ29813560
DOGMAG_ANI95_MAG135	ERZ29813561
