mag_alias	mag_sample_accession	biosample_accession	scientific_name	ncbi_tax_id	gtdb_species	gtdb_taxonomy	source_assembly_id	source_sample_accessions	contig_count	genome_size_bp	completeness_percent	contamination_percent	n50_bp	assembly_analysis_accession	assembly_submission_status
DOGMAG_ANI95_MAG001	ERS31049448	SAMEA123300624	Turicibacter bilis	2735723	Turicibacter bilis	d__Bacteria;p__Bacillota_I;c__Bacilli_A;o__MOL361;f__Turicibacteraceae;g__Turicibacter;s__Turicibacter bilis	DOGMAG_ASM016	ERS30645982,ERS30645983	23	2824293	83.21	1.62	336964	ERZ29813345	submitted_multi_contig
DOGMAG_ANI95_MAG002	ERS31049449	SAMEA123300625	Lactobacillus johnsonii ATCC 33200	525330	Lactobacillus johnsonii	d__Bacteria;p__Bacillota;c__Bacilli;o__Lactobacillales;f__Lactobacillaceae;g__Lactobacillus;s__Lactobacillus johnsonii	DOGMAG_ASM017	ERS30645944,ERS30645945	4	1757733	99.03	0.0	1727568	ERZ29813346	submitted_multi_contig
DOGMAG_ANI95_MAG003	ERS31049450	SAMEA123300626	Anaerostipes caccae L1-92	411490	Anaerostipes caccae	d__Bacteria;p__Bacillota;c__Clostridia;o__Lachnospirales;f__Lachnospiraceae;g__Anaerostipes;s__Anaerostipes caccae	DOGMAG_ASM021	ERS30645938,ERS30645939	75	2221195	66.12	0.0	58060	ERZ29813347	submitted_multi_contig
DOGMAG_ANI95_MAG004	ERS31049451	SAMEA123300627	Faecalibacillus intestinalis	1982626	Faecalibacillus intestinalis	d__Bacteria;p__Bacillota_I;c__Bacilli_A;o__Erysipelotrichales;f__Coprobacillaceae;g__Faecalibacillus;s__Faecalibacillus intestinalis	DOGMAG_ASM014	ERS30645990,ERS30645991	2	2611057	99.06	0.0	2389218	ERZ29813348	submitted_multi_contig
DOGMAG_ANI95_MAG005	ERS31049452	SAMEA123300628	uncultured Fusobacterium sp.	159267	Fusobacterium_A sp900555485	d__Bacteria;p__Fusobacteriota;c__Fusobacteriia;o__Fusobacteriales;f__Fusobacteriaceae;g__Fusobacterium_A;s__Fusobacterium_A sp900555485	DOGMAG_ASM007	ERS30645988,ERS30645989	4	1209301	68.38	0.0	675366	ERZ29813349	submitted_multi_contig
DOGMAG_ANI95_MAG006	ERS31049453	SAMEA123300629	Thomasclavelia spiroformis	29348	Thomasclavelia spiroformis_A	d__Bacteria;p__Bacillota_I;c__Bacilli_A;o__Erysipelotrichales;f__Coprobacillaceae;g__Thomasclavelia;s__Thomasclavelia spiroformis_A	DOGMAG_ASM014	ERS30645990,ERS30645991	19	2491024	92.45	0.94	247564	ERZ29813350	submitted_multi_contig
DOGMAG_ANI95_MAG007	ERS31049454	SAMEA123300630	uncultured Lachnospiraceae bacterium	297314	UBA9414 sp958446945	d__Bacteria;p__Bacillota;c__Clostridia;o__Lachnospirales;f__Lachnospiraceae;g__UBA9414;s__UBA9414 sp958446945	DOGMAG_ASM031	ERS30645962	84	2072838	92.56	3.71	37047	ERZ29813351	submitted_multi_contig
DOGMAG_ANI95_MAG008	ERS31049455	SAMEA123300631	uncultured Oscillospiraceae bacterium	707003	Faecousia sp963560135	d__Bacteria;p__Bacillota;c__Clostridia;o__Oscillospirales;f__Oscillospiraceae;g__Faecousia;s__Faecousia sp963560135	DOGMAG_ASM031	ERS30645962	40	2122060	93.15	4.03	169906	ERZ29813352	submitted_multi_contig
DOGMAG_ANI95_MAG009	ERS31049456	SAMEA123300632	uncultured Erysipelotrichaceae bacterium	331630	CALDMQ01 sp937917505	d__Bacteria;p__Bacillota_I;c__Bacilli_A;o__Erysipelotrichales;f__Coprobacillaceae;g__CALDMQ01;s__CALDMQ01 sp937917505	DOGMAG_ASM040	SAMEA115615481,SAMEA115615482,SAMEA115615483,SAMEA115615484,SAMEA115615485,SAMEA115615486,SAMEA115615490,SAMEA115615491,SAMEA117651688	37	1710966	97.17	4.72	111676	ERZ29813353	submitted_multi_contig
DOGMAG_ANI95_MAG010	ERS31049457	SAMEA123300633	Megamonas funiformis	437897	Megamonas funiformis	d__Bacteria;p__Bacillota;c__Negativicutes;o__Selenomonadales;f__Selenomonadaceae;g__Megamonas;s__Megamonas funiformis	DOGMAG_ASM035	ERS30645936,ERS30645937	67	2089074	98.73	0.63	53416	ERZ29813354	submitted_multi_contig
DOGMAG_ANI95_MAG011	ERS31049458	SAMEA123300634	Blautia glucerasea	536633	Blautia_A sp937880195	d__Bacteria;p__Bacillota;c__Clostridia;o__Lachnospirales;f__Lachnospiraceae;g__Blautia_A;s__Blautia_A sp937880195	DOGMAG_ASM031	ERS30645962	127	2328467	87.45	2.69	29871	ERZ29813355	submitted_multi_contig
DOGMAG_ANI95_MAG012	ERS31049459	SAMEA123300635	Blautia sp. XA-2221	2903961	Blautia_A sp028767025	d__Bacteria;p__Bacillota;c__Clostridia;o__Lachnospirales;f__Lachnospiraceae;g__Blautia_A;s__Blautia_A sp028767025	DOGMAG_ASM033	ERS30645966,ERS30645967	29	2495883	98.22	0.0	114298	ERZ29813356	submitted_multi_contig
DOGMAG_ANI95_MAG013	ERS31049460	SAMEA123300636	uncultured Lachnospiraceae bacterium	297314	Schaedlerella sp900765975	d__Bacteria;p__Bacillota;c__Clostridia;o__Lachnospirales;f__Lachnospiraceae;g__Schaedlerella;s__Schaedlerella sp900765975	DOGMAG_ASM031	ERS30645962	82	1981707	83.35	0.93	36981	ERZ29813357	submitted_multi_contig
DOGMAG_ANI95_MAG014	ERS31049461	SAMEA123300637	Fusobacterium perfoetens	852	Fusobacterium_B sp900554355	d__Bacteria;p__Fusobacteriota;c__Fusobacteriia;o__Fusobacteriales;f__Fusobacteriaceae;g__Fusobacterium_B;s__Fusobacterium_B sp900554355	DOGMAG_ASM007	ERS30645988,ERS30645989	2	870737	60.67	2.3	514765	ERZ29813358	submitted_multi_contig
DOGMAG_ANI95_MAG015	ERS31049462	SAMEA123300638	Candidatus Dwaynesavagella gallinarum	2840477	Dwaynesavagella gallinarum	d__Bacteria;p__Bacillota;c__Clostridia;o__Clostridiales;f__Clostridiaceae;g__Dwaynesavagella;s__Dwaynesavagella gallinarum	DOGMAG_ASM037	ERS30645940,ERS30645941	358	1501252	83.89	1.92	5087	ERZ29813359	submitted_multi_contig
DOGMAG_ANI95_MAG016	ERS31049463	SAMEA123300639	uncultured Lachnospiraceae bacterium	297314	Faecalimonas sp900550235	d__Bacteria;p__Bacillota;c__Clostridia;o__Lachnospirales;f__Lachnospiraceae;g__Faecalimonas;s__Faecalimonas sp900550235	DOGMAG_ASM023	ERS30645978,ERS30645979	14	2572833	97.76	0.44	260377	ERZ29813360	submitted_multi_contig
DOGMAG_ANI95_MAG017	ERS31049464	SAMEA123300640	Faecalimonas umbilicata	1912855	Faecalimonas umbilicata	d__Bacteria;p__Bacillota;c__Clostridia;o__Lachnospirales;f__Lachnospiraceae;g__Faecalimonas;s__Faecalimonas umbilicata	DOGMAG_ASM009	ERS30645930,ERS30645931	18	2648465	97.15	0.0	203885	ERZ29813361	submitted_multi_contig
DOGMAG_ANI95_MAG018	ERS31049465	SAMEA123300641	uncultured Blautia sp.	765821	Blautia_A sp900547615	d__Bacteria;p__Bacillota;c__Clostridia;o__Lachnospirales;f__Lachnospiraceae;g__Blautia_A;s__Blautia_A sp900547615	DOGMAG_ASM038	ERS30645992,ERS30645993	50	1517743	54.39	3.51	54977	ERZ29813362	submitted_multi_contig
DOGMAG_ANI95_MAG019	ERS31049466	SAMEA123300642	uncultured Slackia sp.	665903	Slackia sp959608125	d__Bacteria;p__Actinomycetota;c__Coriobacteriia;o__Coriobacteriales;f__Eggerthellaceae;g__Slackia;s__Slackia sp959608125	DOGMAG_ASM036	ERS30645958	288	1760120	89.46	0.99	8057	ERZ29813363	submitted_multi_contig
DOGMAG_ANI95_MAG020	ERS31049467	SAMEA123300643	Veillonella seminalis	1502943	Veillonella_A seminalis	d__Bacteria;p__Bacillota;c__Negativicutes;o__Veillonellales;f__Veillonellaceae;g__Veillonella_A;s__Veillonella_A seminalis	DOGMAG_ASM037	ERS30645940,ERS30645941	440	1627482	76.45	2.54	4127	ERZ29813364	submitted_multi_contig
DOGMAG_ANI95_MAG021	ERS31049468	SAMEA123300644	Eubacterium callanderi	53442	Eubacterium callanderi	d__Bacteria;p__Bacillota;c__Clostridia;o__Eubacteriales;f__Eubacteriaceae;g__Eubacterium;s__Eubacterium callanderi	DOGMAG_ASM037	ERS30645940,ERS30645941	170	3877325	92.75	0.0	35557	ERZ29813365	submitted_multi_contig
DOGMAG_ANI95_MAG022	ERS31049469	SAMEA123300645	Collinsella sp. BA40	2560852	Collinsella sp008014645	d__Bacteria;p__Actinomycetota;c__Coriobacteriia;o__Coriobacteriales;f__Coriobacteriaceae;g__Collinsella;s__Collinsella sp008014645	DOGMAG_ASM039	SAMEA117492633,SAMEA117492634,SAMEA117492635,SAMEA117492636,SAMEA117492637,SAMEA117492638,SAMEA117492639,SAMEA117492640,SAMEA117492641,SAMEA117492642,SAMEA117492643,SAMEA117492644,SAMEA117492645,SAMEA117492646,SAMEA117492647,SAMEA117492648,SAMEA117492649,SAMEA117492650,SAMEA117492651,SAMEA117492652,SAMEA117492653	286	1528965	83.17	0.89	7011	ERZ29813366	submitted_multi_contig
DOGMAG_ANI95_MAG023	ERS31049470	SAMEA123300646	Clostridium perfringens	1502	Sarcina perfringens	d__Bacteria;p__Bacillota;c__Clostridia;o__Clostridiales;f__Clostridiaceae;g__Sarcina;s__Sarcina perfringens	DOGMAG_ASM034	ERS30645968,ERS30645969	50	3254541	100.0	0.0	110952	ERZ29813367	submitted_multi_contig
DOGMAG_ANI95_MAG024	ERS31049471	SAMEA123300647	Faecalimonas sp.	2005356		d__Bacteria;p__Bacillota;c__Clostridia;o__Lachnospirales;f__Lachnospiraceae;g__Faecalimonas;s__	DOGMAG_ASM007	ERS30645988,ERS30645989	78	2358488	56.22	0.0	179349	ERZ29813368	submitted_multi_contig
DOGMAG_ANI95_MAG025	ERS31049472	SAMEA123300648	Fusobacterium perfoetens	852	Fusobacterium_B sp900554885	d__Bacteria;p__Fusobacteriota;c__Fusobacteriia;o__Fusobacteriales;f__Fusobacteriaceae;g__Fusobacterium_B;s__Fusobacterium_B sp900554885	DOGMAG_ASM027	ERS30645994,ERS30645995	5	1721888	93.26	0.0	495038	ERZ29813369	submitted_multi_contig
DOGMAG_ANI95_MAG026	ERS31049473	SAMEA123300649	Clostridium saudiense	1414720	Clostridium saudiense	d__Bacteria;p__Bacillota;c__Clostridia;o__Clostridiales;f__Clostridiaceae;g__Clostridium;s__Clostridium saudiense	DOGMAG_ASM035	ERS30645936,ERS30645937	881	2684854	64.85	2.78	3118	ERZ29813370	submitted_multi_contig
DOGMAG_ANI95_MAG027	ERS31049474	SAMEA123300650	Prevotella sp. CAG:891	1262937	Alloprevotella sp000437675	d__Bacteria;p__Bacteroidota;c__Bacteroidia;o__Bacteroidales;f__Bacteroidaceae;g__Alloprevotella;s__Alloprevotella sp000437675	DOGMAG_ASM016	ERS30645982,ERS30645983	1	3146298	88.11	0.35	3146298		pending_single_contig_helpdesk_or_not_submitted
DOGMAG_ANI95_MAG028	ERS31049475	SAMEA123300651	Bifidobacterium pullorum subsp. gallinarum	78344	Bifidobacterium pullorum_B	d__Bacteria;p__Actinomycetota;c__Actinomycetes;o__Actinomycetales;f__Bifidobacteriaceae;g__Bifidobacterium;s__Bifidobacterium pullorum_B	DOGMAG_ASM041	ERS30645942,ERS30645943	178	2035252	93.93	1.63	16837	ERZ29813371	submitted_multi_contig
DOGMAG_ANI95_MAG029	ERS31049476	SAMEA123300652	uncultured Sutterella sp.	286133	Sutterella sp905186105	d__Bacteria;p__Pseudomonadota;c__Gammaproteobacteria;o__Burkholderiales;f__Burkholderiaceae_F;g__Sutterella;s__Sutterella sp905186105	DOGMAG_ASM010	ERS30645970,ERS30645971	71	2429407	97.52	1.24	61548	ERZ29813372	submitted_multi_contig
DOGMAG_ANI95_MAG030	ERS31049477	SAMEA123300653	Blautia hansenii	1322	Blautia sp900541955	d__Bacteria;p__Bacillota;c__Clostridia;o__Lachnospirales;f__Lachnospiraceae;g__Blautia;s__Blautia sp900541955	DOGMAG_ASM021	ERS30645938,ERS30645939	1	2719708	67.27	0.32	2719708		pending_single_contig_helpdesk_or_not_submitted
DOGMAG_ANI95_MAG031	ERS31049478	SAMEA123300654	Sutterella wadsworthensis 2_1_59BFAA	742823	Sutterella wadsworthensis_A	d__Bacteria;p__Pseudomonadota;c__Gammaproteobacteria;o__Burkholderiales;f__Burkholderiaceae_F;g__Sutterella;s__Sutterella wadsworthensis_A	DOGMAG_ASM020	ERS30645972,ERS30645973	75	2143227	93.79	1.24	62320	ERZ29813373	submitted_multi_contig
DOGMAG_ANI95_MAG032	ERS31049479	SAMEA123300655	uncultured Lachnospiraceae bacterium	297314	Faecalimonas sp900551895	d__Bacteria;p__Bacillota;c__Clostridia;o__Lachnospirales;f__Lachnospiraceae;g__Faecalimonas;s__Faecalimonas sp900551895	DOGMAG_ASM030	ERS30645960,ERS30645961	1	2093599	92.05	0.95	2093599		pending_single_contig_helpdesk_or_not_submitted
DOGMAG_ANI95_MAG033	ERS31049480	SAMEA123300656	uncultured Clostridium sp.	59620	Merdicola sp900552655	d__Bacteria;p__Bacillota;c__Clostridia;o__TANB77;f__CAG-508;g__Merdicola;s__Merdicola sp900552655	DOGMAG_ASM019	ERS30645984,ERS30645985	1	1682907	74.95	2.46	1682907		pending_single_contig_helpdesk_or_not_submitted
DOGMAG_ANI95_MAG034	ERS31049481	SAMEA123300657	Campylobacter upsaliensis	28080	Campylobacter_D upsaliensis	d__Bacteria;p__Campylobacterota;c__Campylobacteria;o__Campylobacterales;f__Campylobacteraceae;g__Campylobacter_D;s__Campylobacter_D upsaliensis	DOGMAG_ASM032	SAMEA117492696,SAMEA117492697	47	1605622	99.15	0.37	59458	ERZ29813374	submitted_multi_contig
DOGMAG_ANI95_MAG035	ERS31049482	SAMEA123300658	Mediterraneibacter sp.	2316022		d__Bacteria;p__Bacillota;c__Clostridia;o__Lachnospirales;f__Lachnospiraceae;g__Mediterraneibacter;s__	DOGMAG_ASM030	ERS30645960,ERS30645961	176	2345842	87.98	0.0	29363	ERZ29813375	submitted_multi_contig
DOGMAG_ANI95_MAG036	ERS31049483	SAMEA123300659	uncultured Prevotella sp.	159272	Alloprevotella sp937906495	d__Bacteria;p__Bacteroidota;c__Bacteroidia;o__Bacteroidales;f__Bacteroidaceae;g__Alloprevotella;s__Alloprevotella sp937906495	DOGMAG_ASM031	ERS30645962	17	1920863	61.28	0.37	195163	ERZ29813376	submitted_multi_contig
DOGMAG_ANI95_MAG037	ERS31049484	SAMEA123300660	Bifidobacterium pseudolongum subsp. globosum	1690	Bifidobacterium globosum	d__Bacteria;p__Actinomycetota;c__Actinomycetes;o__Actinomycetales;f__Bifidobacteriaceae;g__Bifidobacterium;s__Bifidobacterium globosum	DOGMAG_ASM040	SAMEA115615481,SAMEA115615482,SAMEA115615483,SAMEA115615484,SAMEA115615485,SAMEA115615486,SAMEA115615490,SAMEA115615491,SAMEA117651688	23	1882050	94.04	1.44	115567	ERZ29813377	submitted_multi_contig
DOGMAG_ANI95_MAG038	ERS31049485	SAMEA123300661	Lachnoclostridium sp. Marseille-P6806	2364793	Brotaphodocola sp900538475	d__Bacteria;p__Bacillota;c__Clostridia;o__Lachnospirales;f__Lachnospiraceae;g__Brotaphodocola;s__Brotaphodocola sp900538475	DOGMAG_ASM031	ERS30645962	83	2670760	95.79	0.63	50195	ERZ29813467	submitted_multi_contig
DOGMAG_ANI95_MAG039	ERS31049486	SAMEA123300662	Enterococcus faecalis	1351	Enterococcus faecalis	d__Bacteria;p__Bacillota;c__Bacilli;o__Lactobacillales;f__Enterococcaceae;g__Enterococcus;s__Enterococcus faecalis	DOGMAG_ASM033	ERS30645966,ERS30645967	38	2619328	96.63	0.0	101954	ERZ29813471	submitted_multi_contig
DOGMAG_ANI95_MAG040	ERS31049487	SAMEA123300663	Klebsiella variicola	244366	Klebsiella variicola	d__Bacteria;p__Pseudomonadota;c__Gammaproteobacteria;o__Enterobacterales;f__Enterobacteriaceae;g__Klebsiella;s__Klebsiella variicola	DOGMAG_ASM032	SAMEA117492696,SAMEA117492697	827	5073297	71.03	0.0	8137	ERZ29813472	submitted_multi_contig
DOGMAG_ANI95_MAG041	ERS31049488	SAMEA123300664	Paraclostridium tenue	1737	Paraclostridium tenue	d__Bacteria;p__Bacillota;c__Clostridia;o__Peptostreptococcales;f__Peptostreptococcaceae;g__Paraclostridium;s__Paraclostridium tenue	DOGMAG_ASM036	ERS30645958	673	2080632	77.34	3.49	3271	ERZ29813473	submitted_multi_contig
DOGMAG_ANI95_MAG042	ERS31049489	SAMEA123300665	uncultured Eubacterium sp.	165185	Gallispira sp900543365	d__Bacteria;p__Bacillota;c__Clostridia;o__Lachnospirales;f__CAG-274;g__Gallispira;s__Gallispira sp900543365	DOGMAG_ASM040	SAMEA115615481,SAMEA115615482,SAMEA115615483,SAMEA115615484,SAMEA115615485,SAMEA115615486,SAMEA115615490,SAMEA115615491,SAMEA117651688	26	1947467	97.32	0.0	129975	ERZ29813474	submitted_multi_contig
DOGMAG_ANI95_MAG043	ERS31049490	SAMEA123300666	Coriobacteriaceae bacterium	2011094	Collinsella sp902362275	d__Bacteria;p__Actinomycetota;c__Coriobacteriia;o__Coriobacteriales;f__Coriobacteriaceae;g__Collinsella;s__Collinsella sp902362275	DOGMAG_ASM041	ERS30645942,ERS30645943	589	1780984	70.16	0.61	3891	ERZ29813475	submitted_multi_contig
DOGMAG_ANI95_MAG044	ERS31049491	SAMEA123300667	Pediococcus acidilactici DSM 20284	862514	Pediococcus acidilactici	d__Bacteria;p__Bacillota;c__Bacilli;o__Lactobacillales;f__Lactobacillaceae;g__Pediococcus;s__Pediococcus acidilactici	DOGMAG_ASM027	ERS30645994,ERS30645995	1	2106402	97.97	0.0	2106402		pending_single_contig_helpdesk_or_not_submitted
DOGMAG_ANI95_MAG045	ERS31049492	SAMEA123300668	Blautia sp.	1955243	Blautia_A sp026169535	d__Bacteria;p__Bacillota;c__Clostridia;o__Lachnospirales;f__Lachnospiraceae;g__Blautia_A;s__Blautia_A sp026169535	DOGMAG_ASM041	ERS30645942,ERS30645943	28	2361364	94.1	0.16	115075	ERZ29813476	submitted_multi_contig
DOGMAG_ANI95_MAG046	ERS31049493	SAMEA123300669	Megasphaera elsdenii DSM 20460	1064535	Megasphaera elsdenii	d__Bacteria;p__Bacillota;c__Negativicutes;o__Veillonellales;f__Megasphaeraceae;g__Megasphaera;s__Megasphaera elsdenii	DOGMAG_ASM035	ERS30645936,ERS30645937	83	2121156	95.81	0.2	39733	ERZ29813477	submitted_multi_contig
DOGMAG_ANI95_MAG047	ERS31049494	SAMEA123300670	Anaerobiospirillum sp. NML120448	2932816	Anaerobiospirillum sp900543125	d__Bacteria;p__Pseudomonadota;c__Gammaproteobacteria;o__Enterobacterales;f__Succinivibrionaceae;g__Anaerobiospirillum;s__Anaerobiospirillum sp900543125	DOGMAG_ASM036	ERS30645958	138	2440585	79.57	0.88	46386	ERZ29813478	submitted_multi_contig
DOGMAG_ANI95_MAG048	ERS31049495	SAMEA123300671	Firmicutes bacterium CAG:646	1262995	Oliverpabstia sp000432335	d__Bacteria;p__Bacillota;c__Clostridia;o__Lachnospirales;f__Lachnospiraceae;g__Oliverpabstia;s__Oliverpabstia sp000432335	DOGMAG_ASM040	SAMEA115615481,SAMEA115615482,SAMEA115615483,SAMEA115615484,SAMEA115615485,SAMEA115615486,SAMEA115615490,SAMEA115615491,SAMEA117651688	24	2490123	90.51	1.27	157974	ERZ29813479	submitted_multi_contig
DOGMAG_ANI95_MAG049	ERS31049496	SAMEA123300672	uncultured Helicobacter sp.	175537	Helicobacter_B sp937906905	d__Bacteria;p__Campylobacterota;c__Campylobacteria;o__Campylobacterales;f__Helicobacteraceae;g__Helicobacter_B;s__Helicobacter_B sp937906905	DOGMAG_ASM007	ERS30645988,ERS30645989	1	1951213	95.89	2.05	1951213		pending_single_contig_helpdesk_or_not_submitted
DOGMAG_ANI95_MAG050	ERS31049497	SAMEA123300673	Bacteroides fragilis NCTC 9343	272559	Bacteroides fragilis	d__Bacteria;p__Bacteroidota;c__Bacteroidia;o__Bacteroidales;f__Bacteroidaceae;g__Bacteroides;s__Bacteroides fragilis	DOGMAG_ASM013	ERS30645954,ERS30645955	1	5130015	97.58	0.37	5130015		pending_single_contig_helpdesk_or_not_submitted
DOGMAG_ANI95_MAG051	ERS31049498	SAMEA123300674	uncultured Phascolarctobacterium sp.	512296	Phascolarctobacterium_A sp900544885	d__Bacteria;p__Bacillota;c__Negativicutes;o__Acidaminococcales;f__Acidaminococcaceae;g__Phascolarctobacterium_A;s__Phascolarctobacterium_A sp900544885	DOGMAG_ASM014	ERS30645990,ERS30645991	1	2107600	98.65	1.2	2107600		pending_single_contig_helpdesk_or_not_submitted
DOGMAG_ANI95_MAG052	ERS31049499	SAMEA123300675	Slackia faecicanis	255723	Slackia faecicanis	d__Bacteria;p__Actinomycetota;c__Coriobacteriia;o__Coriobacteriales;f__Eggerthellaceae;g__Slackia;s__Slackia faecicanis	DOGMAG_ASM040	SAMEA115615481,SAMEA115615482,SAMEA115615483,SAMEA115615484,SAMEA115615485,SAMEA115615486,SAMEA115615490,SAMEA115615491,SAMEA117651688	8	1960027	98.39	0.6	423850	ERZ29813480	submitted_multi_contig
DOGMAG_ANI95_MAG053	ERS31049500	SAMEA123300676	Bacteroides sp.	29523		d__Bacteria;p__Bacteroidota;c__Bacteroidia;o__Bacteroidales;f__Bacteroidaceae;g__Bacteroides;s__	DOGMAG_ASM031	ERS30645962	79	2731120	90.11	3.08	70493	ERZ29813481	submitted_multi_contig
DOGMAG_ANI95_MAG054	ERS31049501	SAMEA123300677	Peptacetobacter sp. AB800	3388428	Peptacetobacter sp900539645	d__Bacteria;p__Bacillota;c__Clostridia;o__Peptostreptococcales;f__Peptostreptococcaceae;g__Peptacetobacter;s__Peptacetobacter sp900539645	DOGMAG_ASM041	ERS30645942,ERS30645943	52	2308661	98.6	0.0	61824	ERZ29813482	submitted_multi_contig
DOGMAG_ANI95_MAG055	ERS31049502	SAMEA123300678	Blautia hansenii DSM 20583	537007	Blautia hansenii	d__Bacteria;p__Bacillota;c__Clostridia;o__Lachnospirales;f__Lachnospiraceae;g__Blautia;s__Blautia hansenii	DOGMAG_ASM010	ERS30645970,ERS30645971	12	2545483	97.2	0.64	301977	ERZ29813483	submitted_multi_contig
DOGMAG_ANI95_MAG056	ERS31049503	SAMEA123300679	Amedibacillus dolichus DSM 3991	428127	Amedibacillus dolichus	d__Bacteria;p__Bacillota_I;c__Bacilli_A;o__Erysipelotrichales;f__Erysipelotrichaceae;g__Amedibacillus;s__Amedibacillus dolichus	DOGMAG_ASM040	SAMEA115615481,SAMEA115615482,SAMEA115615483,SAMEA115615484,SAMEA115615485,SAMEA115615486,SAMEA115615490,SAMEA115615491,SAMEA117651688	15	1978381	100.0	0.0	309035	ERZ29813484	submitted_multi_contig
DOGMAG_ANI95_MAG057	ERS31049504	SAMEA123300680	Coprococcus phoceensis	1870993	Faecalimonas phoceensis	d__Bacteria;p__Bacillota;c__Clostridia;o__Lachnospirales;f__Lachnospiraceae;g__Faecalimonas;s__Faecalimonas phoceensis	DOGMAG_ASM032	SAMEA117492696,SAMEA117492697	138	2216440	87.6	0.44	24628	ERZ29813485	submitted_multi_contig
DOGMAG_ANI95_MAG058	ERS31049505	SAMEA123300681	Segatella copri	165179	Prevotella copri_B	d__Bacteria;p__Bacteroidota;c__Bacteroidia;o__Bacteroidales;f__Bacteroidaceae;g__Prevotella;s__Prevotella copri_B	DOGMAG_ASM014	ERS30645990,ERS30645991	3	3694854	95.72	1.35	3648505	ERZ29813486	submitted_multi_contig
DOGMAG_ANI95_MAG059	ERS31049506	SAMEA123300682	uncultured Eubacterium sp.	165185	Lachnospira sp900552795	d__Bacteria;p__Bacillota;c__Clostridia;o__Lachnospirales;f__Lachnospiraceae;g__Lachnospira;s__Lachnospira sp900552795	DOGMAG_ASM026	ERS30645932,ERS30645933	6	2297775	92.43	0.11	2016630	ERZ29813487	submitted_multi_contig
DOGMAG_ANI95_MAG060	ERS31049507	SAMEA123300683	Limosilactobacillus reuteri subsp. reuteri	557436	Limosilactobacillus reuteri	d__Bacteria;p__Bacillota;c__Bacilli;o__Lactobacillales;f__Lactobacillaceae;g__Limosilactobacillus;s__Limosilactobacillus reuteri	DOGMAG_ASM017	ERS30645944,ERS30645945	68	1779015	97.69	0.0	45919	ERZ29813488	submitted_multi_contig
DOGMAG_ANI95_MAG061	ERS31049508	SAMEA123300684	Bacteroides hominis	2763023	Bacteroides hominis	d__Bacteria;p__Bacteroidota;c__Bacteroidia;o__Bacteroidales;f__Bacteroidaceae;g__Bacteroides;s__Bacteroides hominis	DOGMAG_ASM034	ERS30645968,ERS30645969	16	2571630	64.31	0.0	390819	ERZ29813489	submitted_multi_contig
DOGMAG_ANI95_MAG062	ERS31049509	SAMEA123300685	Collinsella intestinalis DSM 13280	521003	Collinsella intestinalis	d__Bacteria;p__Actinomycetota;c__Coriobacteriia;o__Coriobacteriales;f__Coriobacteriaceae;g__Collinsella;s__Collinsella intestinalis	DOGMAG_ASM027	ERS30645994,ERS30645995	3	1963744	97.58	0.0	1934286	ERZ29813490	submitted_multi_contig
DOGMAG_ANI95_MAG063	ERS31049510	SAMEA123300686	uncultured Phascolarctobacterium sp.	512296	Phascolarctobacterium_A sp900552855	d__Bacteria;p__Bacillota;c__Negativicutes;o__Acidaminococcales;f__Acidaminococcaceae;g__Phascolarctobacterium_A;s__Phascolarctobacterium_A sp900552855	DOGMAG_ASM023	ERS30645978,ERS30645979	2	2156141	99.83	0.9	2150545	ERZ29813491	submitted_multi_contig
DOGMAG_ANI95_MAG064	ERS31049511	SAMEA123300687	Alitiscatomonas aceti	2981724	Alitiscatomonas aceti	d__Bacteria;p__Bacillota;c__Clostridia;o__Lachnospirales;f__Lachnospiraceae;g__Alitiscatomonas;s__Alitiscatomonas aceti	DOGMAG_ASM031	ERS30645962	52	2385873	81.32	0.67	79824	ERZ29813492	submitted_multi_contig
DOGMAG_ANI95_MAG065	ERS31049512	SAMEA123300688	uncultured Collinsella sp.	165190	Collinsella sp902470815	d__Bacteria;p__Actinomycetota;c__Coriobacteriia;o__Coriobacteriales;f__Coriobacteriaceae;g__Collinsella;s__Collinsella sp902470815	DOGMAG_ASM026	ERS30645932,ERS30645933	14	1884439	88.27	0.0	265000	ERZ29813493	submitted_multi_contig
DOGMAG_ANI95_MAG066	ERS31049513	SAMEA123300689	Streptococcus lutetiensis	150055	Streptococcus lutetiensis	d__Bacteria;p__Bacillota;c__Bacilli;o__Lactobacillales;f__Streptococcaceae;g__Streptococcus;s__Streptococcus lutetiensis	DOGMAG_ASM020	ERS30645972,ERS30645973	1	1922365	100.0	0.0	1922365		pending_single_contig_helpdesk_or_not_submitted
DOGMAG_ANI95_MAG067	ERS31049514	SAMEA123300690	uncultured Fusobacterium sp.	159267	Fusobacterium_A sp900543175	d__Bacteria;p__Fusobacteriota;c__Fusobacteriia;o__Fusobacteriales;f__Fusobacteriaceae;g__Fusobacterium_A;s__Fusobacterium_A sp900543175	DOGMAG_ASM037	ERS30645940,ERS30645941	287	1518572	75.28	1.12	7871	ERZ29813494	submitted_multi_contig
DOGMAG_ANI95_MAG068	ERS31049515	SAMEA123300691	Lactococcus garvieae subsp. garvieae	1890280	Lactococcus garvieae	d__Bacteria;p__Bacillota;c__Bacilli;o__Lactobacillales;f__Streptococcaceae;g__Lactococcus;s__Lactococcus garvieae	DOGMAG_ASM041	ERS30645942,ERS30645943	33	1938099	100.0	0.0	93307	ERZ29813495	submitted_multi_contig
DOGMAG_ANI95_MAG069	ERS31049516	SAMEA123300692	Allobaculum stercoricanis DSM 13633	1050201	Allobaculum stercoricanis	d__Bacteria;p__Bacillota_I;c__Bacilli_A;o__Erysipelotrichales;f__Erysipelotrichaceae;g__Allobaculum;s__Allobaculum stercoricanis	DOGMAG_ASM005	ERS30645928,ERS30645929	18	1973548	95.99	1.82	310646	ERZ29813496	submitted_multi_contig
DOGMAG_ANI95_MAG070	ERS31049517	SAMEA123300693	uncultured Sutterella sp.	286133	Aphodousia sp937906995	d__Bacteria;p__Pseudomonadota;c__Gammaproteobacteria;o__Burkholderiales;f__Burkholderiaceae_F;g__Aphodousia;s__Aphodousia sp937906995	DOGMAG_ASM014	ERS30645990,ERS30645991	7	1832579	96.25	1.25	356347	ERZ29813497	submitted_multi_contig
DOGMAG_ANI95_MAG071	ERS31049518	SAMEA123300694	uncultured Collinsella sp.	165190	Collinsella sp900555585	d__Bacteria;p__Actinomycetota;c__Coriobacteriia;o__Coriobacteriales;f__Coriobacteriaceae;g__Collinsella;s__Collinsella sp900555585	DOGMAG_ASM039	SAMEA117492633,SAMEA117492634,SAMEA117492635,SAMEA117492636,SAMEA117492637,SAMEA117492638,SAMEA117492639,SAMEA117492640,SAMEA117492641,SAMEA117492642,SAMEA117492643,SAMEA117492644,SAMEA117492645,SAMEA117492646,SAMEA117492647,SAMEA117492648,SAMEA117492649,SAMEA117492650,SAMEA117492651,SAMEA117492652,SAMEA117492653	189	1654745	89.67	1.19	12915	ERZ29813498	submitted_multi_contig
DOGMAG_ANI95_MAG072	ERS31049519	SAMEA123300695	uncultured Sutterella sp.	286133	Sutterella sp937943605	d__Bacteria;p__Pseudomonadota;c__Gammaproteobacteria;o__Burkholderiales;f__Burkholderiaceae_F;g__Sutterella;s__Sutterella sp937943605	DOGMAG_ASM010	ERS30645970,ERS30645971	118	2027261	67.24	0.0	26690	ERZ29813499	submitted_multi_contig
DOGMAG_ANI95_MAG073	ERS31049520	SAMEA123300696	Mediterraneibacter gnavus ATCC 29149	411470	Mediterraneibacter gnavus	d__Bacteria;p__Bacillota;c__Clostridia;o__Lachnospirales;f__Lachnospiraceae;g__Mediterraneibacter;s__Mediterraneibacter gnavus	DOGMAG_ASM014	ERS30645990,ERS30645991	24	2922294	97.95	0.0	197308	ERZ29813500	submitted_multi_contig
DOGMAG_ANI95_MAG074	ERS31049521	SAMEA123300697	Lactobacillus gallinarum DSM 10532 = JCM 2011	1423748	Lactobacillus gallinarum	d__Bacteria;p__Bacillota;c__Bacilli;o__Lactobacillales;f__Lactobacillaceae;g__Lactobacillus;s__Lactobacillus gallinarum	DOGMAG_ASM017	ERS30645944,ERS30645945	3	1986884	98.94	1.3	1954863	ERZ29813501	submitted_multi_contig
DOGMAG_ANI95_MAG075	ERS31049522	SAMEA123300698	Coriobacteriaceae bacterium	2011094	Collinsella sp902362275	d__Bacteria;p__Actinomycetota;c__Coriobacteriia;o__Coriobacteriales;f__Coriobacteriaceae;g__Collinsella;s__Collinsella sp902362275	DOGMAG_ASM038	ERS30645992,ERS30645993	440	1321938	65.1	0.0	3117	ERZ29813502	submitted_multi_contig
DOGMAG_ANI95_MAG076	ERS31049523	SAMEA123300699	uncultured Romboutsia sp.	1505656	Faecalimicrobium sp937907205	d__Bacteria;p__Bacillota;c__Clostridia;o__Peptostreptococcales;f__Peptostreptococcaceae;g__Faecalimicrobium;s__Faecalimicrobium sp937907205	DOGMAG_ASM035	ERS30645936,ERS30645937	371	1781701	92.86	1.43	5759	ERZ29813503	submitted_multi_contig
DOGMAG_ANI95_MAG077	ERS31049524	SAMEA123300700	uncultured Lachnospiraceae bacterium	297314	Blautia sp900555025	d__Bacteria;p__Bacillota;c__Clostridia;o__Lachnospirales;f__Lachnospiraceae;g__Blautia;s__Blautia sp900555025	DOGMAG_ASM026	ERS30645932,ERS30645933	60	1900510	56.11	0.64	64908	ERZ29813504	submitted_multi_contig
DOGMAG_ANI95_MAG078	ERS31049525	SAMEA123300701	Mediterraneibacter glycyrrhizinilyticus	342942	Schaedlerella glycyrrhizinilytica_A	d__Bacteria;p__Bacillota;c__Clostridia;o__Lachnospirales;f__Lachnospiraceae;g__Schaedlerella;s__Schaedlerella glycyrrhizinilytica_A	DOGMAG_ASM040	SAMEA115615481,SAMEA115615482,SAMEA115615483,SAMEA115615484,SAMEA115615485,SAMEA115615486,SAMEA115615490,SAMEA115615491,SAMEA117651688	223	2412800	88.38	1.66	18001	ERZ29813505	submitted_multi_contig
DOGMAG_ANI95_MAG079	ERS31049526	SAMEA123300702	Thomasclavelia ramosa DSM 1402	445974	Thomasclavelia ramosa	d__Bacteria;p__Bacillota_I;c__Bacilli_A;o__Erysipelotrichales;f__Coprobacillaceae;g__Thomasclavelia;s__Thomasclavelia ramosa	DOGMAG_ASM040	SAMEA115615481,SAMEA115615482,SAMEA115615483,SAMEA115615484,SAMEA115615485,SAMEA115615486,SAMEA115615490,SAMEA115615491,SAMEA117651688	242	2690577	86.56	1.89	15692	ERZ29813506	submitted_multi_contig
DOGMAG_ANI95_MAG080	ERS31049527	SAMEA123300703	Weissella confusa	1583	Weissella confusa	d__Bacteria;p__Bacillota;c__Bacilli;o__Lactobacillales;f__Lactobacillaceae;g__Weissella;s__Weissella confusa	DOGMAG_ASM041	ERS30645942,ERS30645943	12	2089785	98.47	0.0	252231	ERZ29813507	submitted_multi_contig
DOGMAG_ANI95_MAG081	ERS31049528	SAMEA123300704	uncultured Prevotella sp.	159272	Alloprevotella sp900541335	d__Bacteria;p__Bacteroidota;c__Bacteroidia;o__Bacteroidales;f__Bacteroidaceae;g__Alloprevotella;s__Alloprevotella sp900541335	DOGMAG_ASM010	ERS30645970,ERS30645971	3	2671548	96.75	0.37	1593256	ERZ29813508	submitted_multi_contig
DOGMAG_ANI95_MAG082	ERS31049529	SAMEA123300705	uncultured Lachnospiraceae bacterium	297314	Gallintestinimicrobium sp900539715	d__Bacteria;p__Bacillota;c__Clostridia;o__Lachnospirales;f__Lachnospiraceae;g__Gallintestinimicrobium;s__Gallintestinimicrobium sp900539715	DOGMAG_ASM040	SAMEA115615481,SAMEA115615482,SAMEA115615483,SAMEA115615484,SAMEA115615485,SAMEA115615486,SAMEA115615490,SAMEA115615491,SAMEA117651688	22	2544822	96.26	0.19	169470	ERZ29813509	submitted_multi_contig
DOGMAG_ANI95_MAG083	ERS31049530	SAMEA123300706	uncultured Prevotellaceae bacterium	370804	Limisoma sp900541935	d__Bacteria;p__Bacteroidota;c__Bacteroidia;o__Bacteroidales;f__Muribaculaceae;g__Limisoma;s__Limisoma sp900541935	DOGMAG_ASM031	ERS30645962	50	1843368	63.26	2.08	57735	ERZ29813510	submitted_multi_contig
DOGMAG_ANI95_MAG084	ERS31049531	SAMEA123300707	Blautia argi	1912897	Blautia argi	d__Bacteria;p__Bacillota;c__Clostridia;o__Lachnospirales;f__Lachnospiraceae;g__Blautia;s__Blautia argi	DOGMAG_ASM032	SAMEA117492696,SAMEA117492697	45	2716600	88.2	0.64	112805	ERZ29813511	submitted_multi_contig
DOGMAG_ANI95_MAG085	ERS31049532	SAMEA123300708	Clostridiaceae bacterium Marseille-Q3526	2830654	Otoolea sp000435655	d__Bacteria;p__Bacillota;c__Clostridia;o__Lachnospirales;f__Lachnospiraceae;g__Otoolea;s__Otoolea sp000435655	DOGMAG_ASM040	SAMEA115615481,SAMEA115615482,SAMEA115615483,SAMEA115615484,SAMEA115615485,SAMEA115615486,SAMEA115615490,SAMEA115615491,SAMEA117651688	50	2506079	91.77	0.32	73735	ERZ29813512	submitted_multi_contig
DOGMAG_ANI95_MAG086	ERS31049533	SAMEA123300709	Bacillota bacterium	1879010	Blautia sp000432195	d__Bacteria;p__Bacillota;c__Clostridia;o__Lachnospirales;f__Lachnospiraceae;g__Blautia;s__Blautia sp000432195	DOGMAG_ASM021	ERS30645938,ERS30645939	1	3304028	92.85	0.0	3304028		pending_single_contig_helpdesk_or_not_submitted
DOGMAG_ANI95_MAG087	ERS31049534	SAMEA123300710	uncultured Bacillota bacterium	344338	Blautia sp900753905	d__Bacteria;p__Bacillota;c__Clostridia;o__Lachnospirales;f__Lachnospiraceae;g__Blautia;s__Blautia sp900753905	DOGMAG_ASM014	ERS30645990,ERS30645991	56	3369238	96.22	2.23	118759	ERZ29813513	submitted_multi_contig
DOGMAG_ANI95_MAG088	ERS31049535	SAMEA123300711	uncultured Peptococcaceae bacterium	329911	UMGS1590 sp900553245	d__Bacteria;p__Bacillota;c__Peptococcia;o__Peptococcales;f__Peptococcaceae;g__UMGS1590;s__UMGS1590 sp900553245	DOGMAG_ASM035	ERS30645936,ERS30645937	106	1911688	77.84	0.77	34088	ERZ29813514	submitted_multi_contig
DOGMAG_ANI95_MAG089	ERS31049536	SAMEA123300712	Paraprevotella sp.	2049036		d__Bacteria;p__Bacteroidota;c__Bacteroidia;o__Bacteroidales;f__Bacteroidaceae;g__Paraprevotella;s__	DOGMAG_ASM010	ERS30645970,ERS30645971	51	2503646	95.32	0.74	87467	ERZ29813515	submitted_multi_contig
DOGMAG_ANI95_MAG090	ERS31049537	SAMEA123300713	Helicobacter zhangjianzhongii	2974574	Helicobacter_B zhangjianzhongii	d__Bacteria;p__Campylobacterota;c__Campylobacteria;o__Campylobacterales;f__Helicobacteraceae;g__Helicobacter_B;s__Helicobacter_B zhangjianzhongii	DOGMAG_ASM030	ERS30645960,ERS30645961	1	2174742	75.52	1.28	2174742		pending_single_contig_helpdesk_or_not_submitted
DOGMAG_ANI95_MAG091	ERS31049538	SAMEA123300714	uncultured Bacteroides sp.	162156	Phocaeicola sp900546645	d__Bacteria;p__Bacteroidota;c__Bacteroidia;o__Bacteroidales;f__Bacteroidaceae;g__Phocaeicola;s__Phocaeicola sp900546645	DOGMAG_ASM009	ERS30645930,ERS30645931	36	3838251	97.09	0.0	367966	ERZ29813516	submitted_multi_contig
DOGMAG_ANI95_MAG092	ERS31049539	SAMEA123300715	Peptacetobacter sp. AB845	3388429	Peptacetobacter sp900550335	d__Bacteria;p__Bacillota;c__Clostridia;o__Peptostreptococcales;f__Peptostreptococcaceae;g__Peptacetobacter;s__Peptacetobacter sp900550335	DOGMAG_ASM027	ERS30645994,ERS30645995	13	2091538	77.59	0.0	405738	ERZ29813517	submitted_multi_contig
DOGMAG_ANI95_MAG093	ERS31049540	SAMEA123300716	Turicibacter faecis	2963365	Turicibacter faecis	d__Bacteria;p__Bacillota_I;c__Bacilli_A;o__MOL361;f__Turicibacteraceae;g__Turicibacter;s__Turicibacter faecis	DOGMAG_ASM031	ERS30645962	101	2160946	88.38	2.58	48586	ERZ29813518	submitted_multi_contig
DOGMAG_ANI95_MAG094	ERS31049541	SAMEA123300717	Phocaeicola coprophilus DSM 18228 = JCM 13818	547042	Phocaeicola coprophilus	d__Bacteria;p__Bacteroidota;c__Bacteroidia;o__Bacteroidales;f__Bacteroidaceae;g__Phocaeicola;s__Phocaeicola coprophilus	DOGMAG_ASM031	ERS30645962	134	2482911	57.76	0.63	38196	ERZ29813519	submitted_multi_contig
DOGMAG_ANI95_MAG095	ERS31049542	SAMEA123300718	uncultured Bacteroides sp.	162156	Phocaeicola sp900556845	d__Bacteria;p__Bacteroidota;c__Bacteroidia;o__Bacteroidales;f__Bacteroidaceae;g__Phocaeicola;s__Phocaeicola sp900556845	DOGMAG_ASM014	ERS30645990,ERS30645991	4	3284375	97.45	0.15	2308165	ERZ29813520	submitted_multi_contig
DOGMAG_ANI95_MAG096	ERS31049543	SAMEA123300719	uncultured Robinsoniella sp.	904190	JAGZHZ01 sp965150505	d__Bacteria;p__Bacillota;c__Clostridia;o__Lachnospirales;f__Lachnospiraceae;g__JAGZHZ01;s__JAGZHZ01 sp965150505	DOGMAG_ASM016	ERS30645982,ERS30645983	5	2749021	79.77	0.0	1738543	ERZ29813521	submitted_multi_contig
DOGMAG_ANI95_MAG097	ERS31049544	SAMEA123300720	Peptacetobacter hiranonis	89152	Peptacetobacter hiranonis	d__Bacteria;p__Bacillota;c__Clostridia;o__Peptostreptococcales;f__Peptostreptococcaceae;g__Peptacetobacter;s__Peptacetobacter hiranonis	DOGMAG_ASM040	SAMEA115615481,SAMEA115615482,SAMEA115615483,SAMEA115615484,SAMEA115615485,SAMEA115615486,SAMEA115615490,SAMEA115615491,SAMEA117651688	234	2223564	89.74	0.35	19003	ERZ29813522	submitted_multi_contig
DOGMAG_ANI95_MAG098	ERS31049545	SAMEA123300721	Collinsella stercoris DSM 13279	445975	Collinsella stercoris	d__Bacteria;p__Actinomycetota;c__Coriobacteriia;o__Coriobacteriales;f__Coriobacteriaceae;g__Collinsella;s__Collinsella stercoris	DOGMAG_ASM032	SAMEA117492696,SAMEA117492697	67	1879527	86.57	1.08	39289	ERZ29813523	submitted_multi_contig
DOGMAG_ANI95_MAG099	ERS31049546	SAMEA123300722	Lachnospiraceae bacterium	1898203		d__Bacteria;p__Bacillota;c__Clostridia;o__Lachnospirales;f__Lachnospiraceae;g__;s__	DOGMAG_ASM040	SAMEA115615481,SAMEA115615482,SAMEA115615483,SAMEA115615484,SAMEA115615485,SAMEA115615486,SAMEA115615490,SAMEA115615491,SAMEA117651688	198	2594265	90.97	1.79	19846	ERZ29813524	submitted_multi_contig
DOGMAG_ANI95_MAG100	ERS31049547	SAMEA123300723	uncultured Faecalibacterium sp.	259315	Faecalibacterium sp900540455	d__Bacteria;p__Bacillota;c__Clostridia;o__Oscillospirales;f__Ruminococcaceae;g__Faecalibacterium;s__Faecalibacterium sp900540455	DOGMAG_ASM039	SAMEA117492633,SAMEA117492634,SAMEA117492635,SAMEA117492636,SAMEA117492637,SAMEA117492638,SAMEA117492639,SAMEA117492640,SAMEA117492641,SAMEA117492642,SAMEA117492643,SAMEA117492644,SAMEA117492645,SAMEA117492646,SAMEA117492647,SAMEA117492648,SAMEA117492649,SAMEA117492650,SAMEA117492651,SAMEA117492652,SAMEA117492653	29	2247120	97.96	0.0	112533	ERZ29813525	submitted_multi_contig
DOGMAG_ANI95_MAG101	ERS31049548	SAMEA123300724	Eubacteriales bacterium	2831996	Blautia_A sp030536995	d__Bacteria;p__Bacillota;c__Clostridia;o__Lachnospirales;f__Lachnospiraceae;g__Blautia_A;s__Blautia_A sp030536995	DOGMAG_ASM026	ERS30645932,ERS30645933	21	2330926	89.87	0.63	158628	ERZ29813526	submitted_multi_contig
DOGMAG_ANI95_MAG102	ERS31049549	SAMEA123300725	[Clostridium] innocuum	1522	Clostridium_AQ innocuum	d__Bacteria;p__Bacillota_I;c__Bacilli_A;o__Erysipelotrichales;f__Erysipelotrichaceae;g__Clostridium_AQ;s__Clostridium_AQ innocuum	DOGMAG_ASM033	ERS30645966,ERS30645967	238	3934702	98.74	0.0	33062	ERZ29813527	submitted_multi_contig
DOGMAG_ANI95_MAG103	ERS31049550	SAMEA123300726	uncultured Fusobacterium sp.	159267	Fusobacterium_A sp900555845	d__Bacteria;p__Fusobacteriota;c__Fusobacteriia;o__Fusobacteriales;f__Fusobacteriaceae;g__Fusobacterium_A;s__Fusobacterium_A sp900555845	DOGMAG_ASM019	ERS30645984,ERS30645985	2	2239983	83.89	0.0	1157556	ERZ29813528	submitted_multi_contig
DOGMAG_ANI95_MAG104	ERS31049551	SAMEA123300727	Enterococcus durans NBRC 100479 = LMG 10746	1218088	Enterococcus_B durans	d__Bacteria;p__Bacillota;c__Bacilli;o__Lactobacillales;f__Enterococcaceae;g__Enterococcus_B;s__Enterococcus_B durans	DOGMAG_ASM034	ERS30645968,ERS30645969	302	2863866	92.36	2.47	14443	ERZ29813529	submitted_multi_contig
DOGMAG_ANI95_MAG105	ERS31049552	SAMEA123300728	uncultured Clostridia bacterium	244328	Faecousia sp937890525	d__Bacteria;p__Bacillota;c__Clostridia;o__Oscillospirales;f__Oscillospiraceae;g__Faecousia;s__Faecousia sp937890525	DOGMAG_ASM039	SAMEA117492633,SAMEA117492634,SAMEA117492635,SAMEA117492636,SAMEA117492637,SAMEA117492638,SAMEA117492639,SAMEA117492640,SAMEA117492641,SAMEA117492642,SAMEA117492643,SAMEA117492644,SAMEA117492645,SAMEA117492646,SAMEA117492647,SAMEA117492648,SAMEA117492649,SAMEA117492650,SAMEA117492651,SAMEA117492652,SAMEA117492653	325	1642425	83.07	1.68	6112	ERZ29813530	submitted_multi_contig
DOGMAG_ANI95_MAG106	ERS31049553	SAMEA123300729	uncultured Helicobacter sp.	175537	Helicobacter_C sp963559865	d__Bacteria;p__Campylobacterota;c__Campylobacteria;o__Campylobacterales;f__Helicobacteraceae;g__Helicobacter_C;s__Helicobacter_C sp963559865	DOGMAG_ASM027	ERS30645994,ERS30645995	1	1942589	90.65	0.47	1942589		pending_single_contig_helpdesk_or_not_submitted
DOGMAG_ANI95_MAG107	ERS31049554	SAMEA123300730	Faecalimonas sp. LCP19S3_D12	3438781	Faecalimonas sp029983955	d__Bacteria;p__Bacillota;c__Clostridia;o__Lachnospirales;f__Lachnospiraceae;g__Faecalimonas;s__Faecalimonas sp029983955	DOGMAG_ASM033	ERS30645966,ERS30645967	102	2386963	95.57	0.63	32718	ERZ29813531	submitted_multi_contig
DOGMAG_ANI95_MAG108	ERS31049555	SAMEA123300731	Blautia caecimuris	1796615	Blautia_A caecimuris	d__Bacteria;p__Bacillota;c__Clostridia;o__Lachnospirales;f__Lachnospiraceae;g__Blautia_A;s__Blautia_A caecimuris	DOGMAG_ASM041	ERS30645942,ERS30645943	113	2975693	96.12	0.95	47882	ERZ29813532	submitted_multi_contig
DOGMAG_ANI95_MAG109	ERS31049556	SAMEA123300732	Escherichia coli DSM 30083 = JCM 1649 = ATCC 11775	866789	Escherichia coli	d__Bacteria;p__Pseudomonadota;c__Gammaproteobacteria;o__Enterobacterales;f__Enterobacteriaceae;g__Escherichia;s__Escherichia coli	DOGMAG_ASM033	ERS30645966,ERS30645967	54	4626406	98.94	0.27	154710	ERZ29813533	submitted_multi_contig
DOGMAG_ANI95_MAG110	ERS31049557	SAMEA123300733	Holdemanella hominis	2764327	Holdemanella hominis	d__Bacteria;p__Bacillota_I;c__Bacilli_A;o__Erysipelotrichales;f__Erysipelotrichaceae;g__Holdemanella;s__Holdemanella hominis	DOGMAG_ASM023	ERS30645978,ERS30645979	13	2447895	95.78	1.52	448903	ERZ29813535	submitted_multi_contig
DOGMAG_ANI95_MAG111	ERS31049558	SAMEA123300734	Allofournierella massiliensis	1650663	Allofournierella massiliensis	d__Bacteria;p__Bacillota;c__Clostridia;o__Oscillospirales;f__Ruminococcaceae;g__Allofournierella;s__Allofournierella massiliensis	DOGMAG_ASM023	ERS30645978,ERS30645979	77	2406640	70.47	0.68	41092	ERZ29813536	submitted_multi_contig
DOGMAG_ANI95_MAG112	ERS31049559	SAMEA123300735	Fusobacterium perfoetens ATCC 29250	1408439	Fusobacterium_B sp900541465	d__Bacteria;p__Fusobacteriota;c__Fusobacteriia;o__Fusobacteriales;f__Fusobacteriaceae;g__Fusobacterium_B;s__Fusobacterium_B sp900541465	DOGMAG_ASM040	SAMEA115615481,SAMEA115615482,SAMEA115615483,SAMEA115615484,SAMEA115615485,SAMEA115615486,SAMEA115615490,SAMEA115615491,SAMEA117651688	95	1843363	94.57	5.26	31056	ERZ29813537	submitted_multi_contig
DOGMAG_ANI95_MAG113	ERS31049560	SAMEA123300736	Catenibacterium mitsuokai DSM 15897	451640	Catenibacterium mitsuoka_A	d__Bacteria;p__Bacillota_I;c__Bacilli_A;o__Erysipelotrichales;f__Coprobacillaceae;g__Catenibacterium;s__Catenibacterium mitsuoka_A	DOGMAG_ASM040	SAMEA115615481,SAMEA115615482,SAMEA115615483,SAMEA115615484,SAMEA115615485,SAMEA115615486,SAMEA115615490,SAMEA115615491,SAMEA117651688	128	2269280	97.17	0.0	28736	ERZ29813538	submitted_multi_contig
DOGMAG_ANI95_MAG114	ERS31049561	SAMEA123300737	Lactobacillus acidophilus	1579	Lactobacillus acidophilus	d__Bacteria;p__Bacillota;c__Bacilli;o__Lactobacillales;f__Lactobacillaceae;g__Lactobacillus;s__Lactobacillus acidophilus	DOGMAG_ASM017	ERS30645944,ERS30645945	1	2098681	97.65	0.0	2098681		pending_single_contig_helpdesk_or_not_submitted
DOGMAG_ANI95_MAG115	ERS31049562	SAMEA123300738	uncultured Bacteroides sp.	162156	Bacteroides sp937890825	d__Bacteria;p__Bacteroidota;c__Bacteroidia;o__Bacteroidales;f__Bacteroidaceae;g__Bacteroides;s__Bacteroides sp937890825	DOGMAG_ASM014	ERS30645990,ERS30645991	3	3022875	94.88	0.37	1740652	ERZ29813539	submitted_multi_contig
DOGMAG_ANI95_MAG116	ERS31049563	SAMEA123300739	Roseburia sp.	2049040	Roseburia sp019421345	d__Bacteria;p__Bacillota;c__Clostridia;o__Lachnospirales;f__Lachnospiraceae;g__Roseburia;s__Roseburia sp019421345	DOGMAG_ASM030	ERS30645960,ERS30645961	2	3190257	86.83	0.58	1858898	ERZ29813540	submitted_multi_contig
DOGMAG_ANI95_MAG117	ERS31049564	SAMEA123300740	Phocaeicola vulgatus ATCC 8482	435590	Phocaeicola vulgatus	d__Bacteria;p__Bacteroidota;c__Bacteroidia;o__Bacteroidales;f__Bacteroidaceae;g__Phocaeicola;s__Phocaeicola vulgatus	DOGMAG_ASM041	ERS30645942,ERS30645943	137	4588148	98.87	0.0	69509	ERZ29813541	submitted_multi_contig
DOGMAG_ANI95_MAG118	ERS31049565	SAMEA123300741	Butyricicoccus sp.	2049021		d__Bacteria;p__Bacillota;c__Clostridia;o__Oscillospirales;f__Butyricicoccaceae;g__Butyricicoccus;s__	DOGMAG_ASM028	ERS30645980,ERS30645981	59	2257739	68.5	0.0	53243	ERZ29813543	submitted_multi_contig
DOGMAG_ANI95_MAG119	ERS31049566	SAMEA123300742	Faecalimonas sp.	2005356		d__Bacteria;p__Bacillota;c__Clostridia;o__Lachnospirales;f__Lachnospiraceae;g__Faecalimonas;s__	DOGMAG_ASM014	ERS30645990,ERS30645991	11	2259323	97.06	1.27	293485	ERZ29813544	submitted_multi_contig
DOGMAG_ANI95_MAG120	ERS31049567	SAMEA123300743	Phocaeicola coprocola DSM 17136	470145	Phocaeicola coprocola	d__Bacteria;p__Bacteroidota;c__Bacteroidia;o__Bacteroidales;f__Bacteroidaceae;g__Phocaeicola;s__Phocaeicola coprocola	DOGMAG_ASM010	ERS30645970,ERS30645971	33	3698553	96.57	1.06	250222	ERZ29813545	submitted_multi_contig
DOGMAG_ANI95_MAG121	ERS31049568	SAMEA123300744	Clostridium sp. AT4	1720194	Enterocloster sp001517625	d__Bacteria;p__Bacillota;c__Clostridia;o__Lachnospirales;f__Lachnospiraceae;g__Enterocloster;s__Enterocloster sp001517625	DOGMAG_ASM032	SAMEA117492696,SAMEA117492697	129	2908544	96.84	0.95	33253	ERZ29813546	submitted_multi_contig
DOGMAG_ANI95_MAG122	ERS31049569	SAMEA123300745	Phocaeicola plebeius DSM 17135	484018	Phocaeicola plebeius	d__Bacteria;p__Bacteroidota;c__Bacteroidia;o__Bacteroidales;f__Bacteroidaceae;g__Phocaeicola;s__Phocaeicola plebeius	DOGMAG_ASM010	ERS30645970,ERS30645971	19	3296249	95.34	0.93	595167	ERZ29813547	submitted_multi_contig
DOGMAG_ANI95_MAG123	ERS31049570	SAMEA123300746	uncultured Bacteroides sp.	162156	Bacteroides sp900766005	d__Bacteria;p__Bacteroidota;c__Bacteroidia;o__Bacteroidales;f__Bacteroidaceae;g__Bacteroides;s__Bacteroides sp900766005	DOGMAG_ASM040	SAMEA115615481,SAMEA115615482,SAMEA115615483,SAMEA115615484,SAMEA115615485,SAMEA115615486,SAMEA115615490,SAMEA115615491,SAMEA117651688	34	2481054	91.82	0.0	93006	ERZ29813548	submitted_multi_contig
DOGMAG_ANI95_MAG124	ERS31049571	SAMEA123300747	Clostridia bacterium UC5.1-1D4	1697784	Blautia sp900556555	d__Bacteria;p__Bacillota;c__Clostridia;o__Lachnospirales;f__Lachnospiraceae;g__Blautia;s__Blautia sp900556555	DOGMAG_ASM006	ERS30645963	19	2938859	93.13	0.02	374645	ERZ29813549	submitted_multi_contig
DOGMAG_ANI95_MAG125	ERS31049572	SAMEA123300748	Ligilactobacillus animalis KCTC 3501 = DSM 20602	930942	Ligilactobacillus animalis	d__Bacteria;p__Bacillota;c__Bacilli;o__Lactobacillales;f__Lactobacillaceae;g__Ligilactobacillus;s__Ligilactobacillus animalis	DOGMAG_ASM002	ERS30645926,ERS30645927	58	1842056	98.25	0.0	62560	ERZ29813550	submitted_multi_contig
DOGMAG_ANI95_MAG126	ERS31049573	SAMEA123300749	Collinsella tanakaei YIT 12063	742742	Collinsella tanakaei	d__Bacteria;p__Actinomycetota;c__Coriobacteriia;o__Coriobacteriales;f__Coriobacteriaceae;g__Collinsella;s__Collinsella tanakaei	DOGMAG_ASM035	ERS30645936,ERS30645937	75	2215778	93.2	1.61	48304	ERZ29813551	submitted_multi_contig
DOGMAG_ANI95_MAG127	ERS31049574	SAMEA123300750	Streptococcus alactolyticus	29389	Streptococcus alactolyticus	d__Bacteria;p__Bacillota;c__Bacilli;o__Lactobacillales;f__Streptococcaceae;g__Streptococcus;s__Streptococcus alactolyticus	DOGMAG_ASM034	ERS30645968,ERS30645969	22	1581537	94.01	0.56	103655	ERZ29813552	submitted_multi_contig
DOGMAG_ANI95_MAG128	ERS31049575	SAMEA123300751	uncultured Blautia sp.	765821	Blautia_A sp900541345	d__Bacteria;p__Bacillota;c__Clostridia;o__Lachnospirales;f__Lachnospiraceae;g__Blautia_A;s__Blautia_A sp900541345	DOGMAG_ASM033	ERS30645966,ERS30645967	45	2758914	97.19	0.32	410207	ERZ29813554	submitted_multi_contig
DOGMAG_ANI95_MAG129	ERS31049576	SAMEA123300752	Helicobacter canis	29419	Helicobacter_B canis	d__Bacteria;p__Campylobacterota;c__Campylobacteria;o__Campylobacterales;f__Helicobacteraceae;g__Helicobacter_B;s__Helicobacter_B canis	DOGMAG_ASM036	ERS30645958	184	1849249	97.55	1.53	15414	ERZ29813555	submitted_multi_contig
DOGMAG_ANI95_MAG130	ERS31049577	SAMEA123300753	[Ruminococcus] torques ATCC 27756	411460	Mediterraneibacter torques	d__Bacteria;p__Bacillota;c__Clostridia;o__Lachnospirales;f__Lachnospiraceae;g__Mediterraneibacter;s__Mediterraneibacter torques	DOGMAG_ASM013	ERS30645954,ERS30645955	61	2533490	97.58	0.0	75497	ERZ29813556	submitted_multi_contig
DOGMAG_ANI95_MAG131	ERS31049578	SAMEA123300754	Clostridioides difficile ATCC 9689 = DSM 1296	1121308	Clostridioides difficile	d__Bacteria;p__Bacillota;c__Clostridia;o__Peptostreptococcales;f__Peptostreptococcaceae;g__Clostridioides;s__Clostridioides difficile	DOGMAG_ASM034	ERS30645968,ERS30645969	953	3136152	67.72	1.11	3494	ERZ29813557	submitted_multi_contig
DOGMAG_ANI95_MAG132	ERS31049579	SAMEA123300755	Amedibacterium intestinale	2583452	Amedibacterium intestinale	d__Bacteria;p__Bacillota_I;c__Bacilli_A;o__Erysipelotrichales;f__Erysipelotrichaceae;g__Amedibacterium;s__Amedibacterium intestinale	DOGMAG_ASM040	SAMEA115615481,SAMEA115615482,SAMEA115615483,SAMEA115615484,SAMEA115615485,SAMEA115615486,SAMEA115615490,SAMEA115615491,SAMEA117651688	52	2304199	100.0	0.0	56702	ERZ29813558	submitted_multi_contig
DOGMAG_ANI95_MAG133	ERS31049580	SAMEA123300756	Clostridium sp. CAG:169	1262778	Negativibacillus sp000435195	d__Bacteria;p__Bacillota;c__Clostridia;o__Oscillospirales;f__Ruminococcaceae;g__Negativibacillus;s__Negativibacillus sp000435195	DOGMAG_ASM039	SAMEA117492633,SAMEA117492634,SAMEA117492635,SAMEA117492636,SAMEA117492637,SAMEA117492638,SAMEA117492639,SAMEA117492640,SAMEA117492641,SAMEA117492642,SAMEA117492643,SAMEA117492644,SAMEA117492645,SAMEA117492646,SAMEA117492647,SAMEA117492648,SAMEA117492649,SAMEA117492650,SAMEA117492651,SAMEA117492652,SAMEA117492653	98	2128199	96.31	2.35	32920	ERZ29813559	submitted_multi_contig
DOGMAG_ANI95_MAG134	ERS31049581	SAMEA123300757	Phocaeicola massiliensis B84634 = Timone 84634 = DSM 17679 = JCM 13223	1121098	Phocaeicola massiliensis	d__Bacteria;p__Bacteroidota;c__Bacteroidia;o__Bacteroidales;f__Bacteroidaceae;g__Phocaeicola;s__Phocaeicola massiliensis	DOGMAG_ASM038	ERS30645992,ERS30645993	156	3675985	93.12	0.19	38964	ERZ29813560	submitted_multi_contig
DOGMAG_ANI95_MAG135	ERS31049582	SAMEA123300758	uncultured Dialister sp.	278064	Dialister sp900543165	d__Bacteria;p__Bacillota;c__Negativicutes;o__Veillonellales;f__Dialisteraceae;g__Dialister;s__Dialister sp900543165	DOGMAG_ASM035	ERS30645936,ERS30645937	265	2097653	90.93	0.63	10580	ERZ29813561	submitted_multi_contig
